[
    "ANAPOLIS - GO",
    "ANANINDEUA - PA",
    "APARECIDA DE GOIANIA - GO",
    "ARACAJU - SE",
    "BAURU - SP",
    "BELEM - PA",
    "BELFORD ROXO - RJ",
    "BELO HORIZONTE - MG",
    "BETIM - MG",
    "BRASILIA - DF",
    "CAMPINA GRANDE - PB",
    "CAMPINAS - SP",
    "CAMPO GRANDE - MS",
    "CAMPOS DOS GOYTACAZES - RJ",
    "CANOAS - RS",
    "CARAPICUIBA - SP",
    "CARIACICA - ES",
    "CARUARU - PE",
    "CASCAVEL - PR",
    "CAUCAIA - CE",
    "CAXIAS DO SUL - RS",
    "CONTAGEM - MG",
    "CUIABA - MT",
    "CURITIBA - PR",
    "DIADEMA - SP",
    "DUQUE DE CAXIAS - RJ",
    "FEIRA DE SANTANA - BA",
    "FLORIANOPOLIS - SC",
    "FORTALEZA - CE",
    "FOZ DO IGUACU - PR",
    "FRANCA - SP",
    "GOIANIA - GO",
    "GUARULHOS - SP",
    "ITAQUAQUECETUBA - SP",
    "JABOATAO DOS GUARARAPES - PE",
    "JOAO PESSOA - PB",
    "JOINVILLE - SC",
    "JUIZ DE FORA - MG",
    "JUNDIAI - SP",
    "LONDRINA - PR",
    "MACAPA - AP",
    "MACEIO - AL",
    "MANAUS - AM",
    "MARINGA - PR",
    "MAUA - SP",
    "MOGI DAS CRUZES - SP",
    "MONTES CLAROS - MG",
    "NATAL - RN",
    "NITEROI - RJ",
    "NOVA IGUACU - RJ",
    "OLINDA - PE",
    "OSASCO - SP",
    "PALMAS - TO",
    "PELOTAS - RS",
    "PETROLINA - PE",
    "PIRACICABA - SP",
    "PONTA GROSSA - PR",
    "PORTO ALEGRE - RS",
    "PORTO VELHO - RO",
    "RECIFE - PE",
    "RIBEIRAO PRETO - SP",
    "RIO BRANCO - AC",
    "RIO DE JANEIRO - RJ",
    "SALVADOR - BA",
    "SANTO ANDRE - SP",
    "SANTOS - SP",
    "SAO BERNARDO DO CAMPO - SP",
    "SAO GONCALO - RJ",
    "SAO JOAO DE MERITI - RJ",
    "SAO JOSE DO RIO PRETO - SP",
    "SAO JOSE DOS CAMPOS - SP",
    "SAO JOSE DOS PINHAIS - PR",
    "SAO LUIS - MA",
    "SAO PAULO - SP",
    "SAO VICENTE - SP",
    "SERRA - ES",
    "SOROCABA - SP",
    "TERESINA - PI",
    "UBERLANDIA - MG",
    "VILA VELHA - ES",
    "VITORIA - ES",
    "VITORIA DA CONQUISTA - BA"
]